PLSoNjlUbJXC0	7	[PIU PHOENIX 2] v1.01.0 - STEP CHART VIDEO (Original)
PLffeCdJkI1zI	24	[PIU PHOENIX 2] v1.01.0 - STEP CHART VIDEO (K-POP)
PLWBhnA5Shg7A	11	[PIU PHOENIX 2] v1.01.0 - STEP CHART VIDEO (World Music)
PLYZ9hidLRJyw	111	[PIU PHOENIX 2] v1.00.1 - STEP CHART VIDEO (Original)
PLSqYPUIeO6pI	31	[PIU PHOENIX 2] v1.00.1 - STEP CHART VIDEO (K-POP)
PLTfTPF6VWbEU	27	[PIU PHOENIX 2] v1.00.1 - STEP CHART VIDEO (World Music)
PLa1o4IZMPRRM	13	[PIU PHOENIX 2] v1.00.1 - STEP CHART VIDEO (XROSS)
PLfG2tI_wOJ6M	16	[PIU PHOENIX] v.2.12.0 - STEP CHART VIDEO (XROSS)
PLFZ1h8N8HntQ	6	[PIU PHOENIX] v.2.12.0 - STEP CHART VIDEO (World Music)
PLfW7VqiLux1I	13	[PIU PHOENIX] v.2.12.0 - STEP CHART VIDEO (Original)
PLEShoNX04EGc	11	[PIU PHOENIX] v.2.11.0 - STEP CHART VIDEO (Original)
PLY3THF-BTpQg	12	[PIU PHOENIX] v.2.11.0 - STEP CHART VIDEO (World Music)
PL5QBWJ08U2tHDKyaPK4yVE0aBn9YylLjW	18	[PIU PHOENIX] v.2.10.0 - STEP CHART VIDEO (World Music)
PL5QBWJ08U2tHhLKgNjnUZwt6y-WaDIXCj	20	[PIU PHOENIX] v.2.09.0 - STEP CHART VIDEO (World Music)
PL5QBWJ08U2tGzdEybTau2qM5O_370BLDK	11	[PIU PHOENIX] v.2.08.0 - STEP CHART VIDEO (World Music)
PL5QBWJ08U2tFvRmUc8LaFy5_6JCMWUH6M	16	[PIU PHOENIX] v.2.07.0 - STEP CHART VIDEO (World Music)
PL5QBWJ08U2tE1aoTIximiGCpE6ZTJEf84	13	[PIU PHOENIX] v.2.06.0 - STEP CHART VIDEO (World Music)
PL5QBWJ08U2tH5LZhBQYkoEjXYsfcrhFx9	10	[PIU PHOENIX] v.2.05.0 - STEP CHART VIDEO (World Music)
PL5QBWJ08U2tFJTFZa1mbTwUkY7swScjdM	34	[PIU PHOENIX] v.2.10.0 - STEP CHART VIDEO (Original)
PL5QBWJ08U2tHDxBN5ncM69fNq616bo-as	27	[PIU PHOENIX] v.2.09.0 - STEP CHART VIDEO (Original)
PL5QBWJ08U2tES_UvNqEGMTMXfZLyrfc7E	39	[PIU PHOENIX] v.2.08.0 - STEP CHART VIDEO (Original)
PL5QBWJ08U2tFWOIO-eYifRWIgX-GKu2BJ	33	[PIU PHOENIX] v.2.07.0 - STEP CHART VIDEO (Original)
PL5QBWJ08U2tHyPyR7MTYk0_HmdvUoYJsQ	33	[PIU PHOENIX] v.2.06.0 - STEP CHART VIDEO (Original)
PL5QBWJ08U2tGvhl2cKphZ1p6h3SrCNbVs	15	[PIU PHOENIX] v.2.05.0 - STEP CHART VIDEO (Original)
PL5QBWJ08U2tF0MLeyKjGeWSI7glpiXv8Y	7	[PIU PHOENIX] v.2.04.0 - STEP CHART VIDEO (Original)
PL5QBWJ08U2tGUYrU5twBKdt7i2ljVEjcf	5	[PIU PHOENIX] v.2.03.0 - STEP CHART VIDEO (Original)
PL5QBWJ08U2tFC2u0pyT52NTRvwHN-GJjI	19	[PIU PHOENIX] v.2.04.0 - STEP CHART VIDEO (World Music)
PL5QBWJ08U2tFvzpJfoo0yfRc1vBe7fdA5	14	[PIU PHOENIX] v.2.03.0 - STEP CHART VIDEO (World Music)
PL5QBWJ08U2tHKOV2a416dspd3MqsYpLgN	13	[PIU PHOENIX] v.2.04.0 - STEP CHART VIDEO (Original)
PL5QBWJ08U2tG576PlFLvLORPT6QGMnn3V	14	[PIU PHOENIX] v.2.02.0 - STEP CHART VIDEO (Original)
PL5QBWJ08U2tFdGTGLQ10yNdrYvZbRV3c7	12	[PIU PHOENIX] v.2.02.0 - STEP CHART VIDEO (World Music)
PL5QBWJ08U2tGx-pCsmrndcQRRGlN3the2	5	[PIU PHOENIX] v.2.02.0 - STEP CHART VIDEO (K-POP)
PL5QBWJ08U2tGO65gfDq2o7h-PlwaBJlDB	17	[PIU PHOENIX] v2.01.0 - STEP CHART VIDEO (World Music)
PL5QBWJ08U2tFUeFQOhZ4umA8JXwnK-re8	24	[PIU PHOENIX] v.2.01.0 - STEP CHART VIDEO (Original)
PL5QBWJ08U2tGCnJlSj3F3WHHkIQHGGhZX	17	[PIU PHOENIX] v2.01.0 - STEP CHART VIDEO (K-POP)
PL5QBWJ08U2tEHRxfL3ehDg2ljfdjGGSI4	18	[PIU PHOENIX] v.2.00.0 - STEP CHART VIDEO (Original)
PL5QBWJ08U2tG8FLKIC3ykKYAzQcFMuqEL	25	[PIU PHOENIX] v2.00.0 - STEP CHART VIDEO (World Music)
PL5QBWJ08U2tFF5CA1G5FcXxYk7YybtOOl	25	[PIU PHOENIX] v2.00.0 - STEP CHART VIDEO (K-POP)
PL5QBWJ08U2tECfcgqw08Bh1ZW5Y48-wlq	13	[PIU PHOENIX] v1.05.0 - STEP CHART VIDEO (Original)
PL5QBWJ08U2tEbfietxUgnxqI7suW_FVUt	7	[PIU PHOENIX] v1.05.0 - STEP CHART VIDEO (K-POP)
PL5QBWJ08U2tGHU2SrIQcFgx7uOMUDPPO8	15	[PIU PHOENIX] v1.05.0 - STEP CHART VIDEO (World Music)
PL5QBWJ08U2tGs444hLPjJ8WFIY0x0736S	13	[PIU PHOENIX] v1.06.0 - STEP CHART VIDEO (Original)
PL5QBWJ08U2tGiwYJmR9KwUufUIGslnQS2	6	[PIU PHOENIX] v1.06.0 - STEP CHART VIDEO (World Music)
PL5QBWJ08U2tFEsIMhlAZrKIuWnAZ7Lvq-	13	[PIU PHOENIX] v1.06.0 - STEP CHART VIDEO (K-POP)
PL5QBWJ08U2tEoi7MVd6bb1HgnYt1iaySS	27	[PIU PHOENIX] v1.07.0 - STEP CHART VIDEO (Original)
PL5QBWJ08U2tEIIVZDV1hnG5X_QcF1EVaE	8	[PIU PHOENIX] v1.07.0 - STEP CHART VIDEO (World Music)
PL5QBWJ08U2tFXUFhe48l-Ylwt98Hk26FZ	5	[PIU PHOENIX] v1.08.0 - STEP CHART VIDEO (World Music)
PL5QBWJ08U2tEnrASOZ5sqmPx8bYN3pFJb	23	[PIU PHOENIX] v1.08.0 - STEP CHART VIDEO (Original)
PL5QBWJ08U2tEPI7Sw_K3--t3KJt4herFF	8	[PIU PHOENIX] v1.04.0 - STEP CHART VIDEO (K-POP)
PL5QBWJ08U2tHldSKHPI-Du1Gm_AFbUpxc	12	7[PIU PHOENIX] v1.04.0 - STEP CHART VIDEO (World Music)
PL5QBWJ08U2tGyU9Svzrmk0jqittyVunsF	13	[PIU PHOENIX] v1.04.0 - STEP CHART VIDEO (Original)
PL5QBWJ08U2tGECIrTmx6VqsN2DEtzLZ67	6	[PIU PHOENIX] v1.03.0 - STEP CHART VIDEO (K-POP)
PL5QBWJ08U2tGbSYhbEOMqrt8oFlZt7fKg	7	[PIU PHOENIX] v1.03.0 - STEP CHART VIDEO (World Music)
PL5QBWJ08U2tFa65hzb9ANVJT6AxH0wXGV	20	[PIU PHOENIX] v1.03.0 - STEP CHART VIDEO (Original)
PL5QBWJ08U2tGFaKPpmSMgWrNF9Ze8chiC	25	[PIU PHOENIX] v1.02.0 - STEP CHART VIDEO (Original)
PL5QBWJ08U2tE_PloUAWkuH2-rmNWPY-pe	13	[PIU PHOENIX] v1.01.0 - STEP CHART VIDEO (Original)
PL5QBWJ08U2tHd04xrbliq0v4Ru9SG3Iy_	12	[PIU PHOENIX] v1.02.0 - STEP CHART VIDEO (World Music)
PL5QBWJ08U2tHF7GLPU8gA6vM9SYk_4ue5	7	[PIU PHOENIX] v1.01.0 - STEP CHART VIDEO (World Music)
PL5QBWJ08U2tFAYoIJGPq-KZpcG8rzQjIi	6	[PIU PHOENIX] v1.02.0 - STEP CHART (K-POP)
PL5QBWJ08U2tH_cRMZwg6aSwD3EcxwN__N	18	[PIU PHOENIX] v1.01.0 - STEP CHART (K-POP)
PL5QBWJ08U2tGkWeSKyMAC_JkQzVzMynvF	43	[PIU PHOENIX] v1.00.1 - STEP CHART (K-POP)
PL5QBWJ08U2tF-G1nuFdvtSiPBOU-0oONx	50	[PIU PHOENIX] v1.00.1 - STEP CHART VIDEO (World Music)
PL5QBWJ08U2tE-kkHw_0JR2y2fxMrPphh-	37	[PIU PHOENIX] v1.00.1 - STEP CHART VIDEO (Original)
